,Date,cruise,uncalibrated PAR,calibrated PAR
0,2021-11-19 03:00:00+00:00,TN397_130,0.0274,0.017179800000000002
1,2021-11-19 14:00:00+00:00,TN397_130,32.93214285714286,20.648453571428572
2,2021-11-19 15:00:00+00:00,TN397_130,257.55745,161.48852115000003
3,2021-11-19 16:00:00+00:00,TN397_130,616.76025,386.70867675000005
4,2021-11-19 17:00:00+00:00,TN397_130,919.52065,576.53944755
5,2021-11-19 18:00:00+00:00,TN397_130,1736.45065,1088.75455755
6,2021-11-19 19:00:00+00:00,TN397_130,2051.71865,1286.42759355
7,2021-11-19 20:00:00+00:00,TN397_130,1942.10815,1217.70181005
8,2021-11-19 21:00:00+00:00,TN397_130,1740.97765,1091.59298655
9,2021-11-19 22:00:00+00:00,TN397_130,1251.5824,784.7421648
10,2021-11-19 23:00:00+00:00,TN397_130,930.6064,583.4902128
11,2021-11-20 00:00:00+00:00,TN397_130,168.6468,105.74154360000001
12,2021-11-20 01:00:00+00:00,TN397_130,5.90825,3.70447275
13,2021-11-20 02:00:00+00:00,TN397_130,0.0281,0.0176187
14,2021-11-20 03:00:00+00:00,TN397_130,0.0295,0.0184965
15,2021-11-20 04:00:00+00:00,TN397_130,0.03185,0.019969950000000004
16,2021-11-20 05:00:00+00:00,TN397_130,0.0311,0.0194997
17,2021-11-20 06:00:00+00:00,TN397_130,0.0317,0.0198759
18,2021-11-20 07:00:00+00:00,TN397_130,0.03055,0.01915485
19,2021-11-20 08:00:00+00:00,TN397_130,0.0338,0.0211926
20,2021-11-20 09:00:00+00:00,TN397_130,0.0344999999999999,0.021631499999999936
21,2021-11-20 10:00:00+00:00,TN397_130,0.0274,0.017179800000000002
22,2021-11-20 11:00:00+00:00,TN397_130,0.0280555555555555,0.0175908333333333
23,2021-11-20 14:00:00+00:00,TN397_130,7.551777777777779,4.734964666666667
24,2021-11-20 15:00:00+00:00,TN397_130,255.0515,159.9172905
25,2021-11-20 16:00:00+00:00,TN397_130,533.5719,334.5495813
26,2021-11-20 17:00:00+00:00,TN397_130,546.0065,342.3460755
27,2021-11-20 19:00:00+00:00,TN397_130,2020.3779285714288,1266.7769612142858
28,2021-11-20 20:00:00+00:00,TN397_130,1731.7310000000002,1085.7953370000002
29,2021-11-20 21:00:00+00:00,TN397_130,1572.40545,985.8982171499999
30,2021-11-20 22:00:00+00:00,TN397_130,1243.7958,779.8599666000001
31,2021-11-20 23:00:00+00:00,TN397_130,416.3589,261.0570303
32,2021-11-21 00:00:00+00:00,TN397_130,118.5859,74.3533593
33,2021-11-21 01:00:00+00:00,TN397_130,20.4506,12.8225262
34,2021-11-21 02:00:00+00:00,TN397_130,0.0198,0.012414600000000001
35,2021-11-21 03:00:00+00:00,TN397_130,0.019,0.011913
36,2021-11-21 04:00:00+00:00,TN397_130,0.0183,0.011474100000000001
37,2021-11-21 05:00:00+00:00,TN397_130,0.0183499999999999,0.011505449999999938
38,2021-11-21 06:00:00+00:00,TN397_130,0.0216,0.0135432
39,2021-11-21 07:00:00+00:00,TN397_130,0.01795,0.01125465
40,2021-11-21 08:00:00+00:00,TN397_130,0.0198,0.012414600000000001
41,2021-11-21 09:00:00+00:00,TN397_130,0.01945,0.012195149999999998
42,2021-11-21 10:00:00+00:00,TN397_130,0.02295,0.01438965
43,2021-11-21 11:00:00+00:00,TN397_130,0.019,0.011913
44,2021-11-21 12:00:00+00:00,TN397_130,0.02035,0.01275945
45,2021-11-21 13:00:00+00:00,TN397_130,0.0165999999999999,0.010408199999999937
46,2021-11-21 14:00:00+00:00,TN397_130,3.3699,2.1129273
47,2021-11-21 15:00:00+00:00,TN397_130,197.8535,124.05414449999999
48,2021-11-21 16:00:00+00:00,TN397_130,915.41445,573.96486015
49,2021-11-21 17:00:00+00:00,TN397_130,2067.4649,1296.3004922999999
50,2021-11-21 18:00:00+00:00,TN397_130,1955.30595,1225.97683065
51,2021-11-21 19:00:00+00:00,TN397_130,2205.98795,1383.1544446500002
52,2021-11-21 20:00:00+00:00,TN397_130,2304.57215,1444.96673805
53,2021-11-21 21:00:00+00:00,TN397_130,2283.2267,1431.5831409000002
54,2021-11-21 22:00:00+00:00,TN397_130,1877.6118,1177.2625986
55,2021-11-21 23:00:00+00:00,TN397_130,1757.80155,1102.14157185
56,2021-11-22 00:00:00+00:00,TN397_130,828.0049999999999,519.1591349999999
57,2021-11-22 01:00:00+00:00,TN397_130,131.9906,82.7581062
58,2021-11-22 02:00:00+00:00,TN397_130,0.0895,0.0561165
59,2021-11-22 03:00:00+00:00,TN397_130,0.0171176470588235,0.010732764705882336
60,2021-11-22 04:00:00+00:00,TN397_130,0.01695,0.01062765
61,2021-11-22 05:00:00+00:00,TN397_130,0.01705,0.01069035
62,2021-11-22 06:00:00+00:00,TN397_130,0.01845,0.011568150000000001
63,2021-11-22 07:00:00+00:00,TN397_130,0.0185,0.011599499999999999
64,2021-11-22 08:00:00+00:00,TN397_130,0.0260526315789473,0.016334999999999957
65,2021-11-22 09:00:00+00:00,TN397_130,0.02615,0.01639605
66,2021-11-22 10:00:00+00:00,TN397_130,0.0258,0.0161766
67,2021-11-22 11:00:00+00:00,TN397_130,0.0279,0.0174933
68,2021-11-22 12:00:00+00:00,TN397_130,0.0266,0.0166782
69,2021-11-22 13:00:00+00:00,TN397_130,0.02595,0.01627065
70,2021-11-22 14:00:00+00:00,TN397_130,1.52385,0.95545395
71,2021-11-22 15:00:00+00:00,TN397_130,124.87505000000002,78.29665635
72,2021-11-22 16:00:00+00:00,TN397_130,1250.91255,784.32216885
73,2021-11-22 17:00:00+00:00,TN397_130,1951.9231,1223.8557837
74,2021-11-22 18:00:00+00:00,TN397_130,2123.37345,1331.35515315
75,2021-11-22 19:00:00+00:00,TN397_130,2159.7165,1354.1422455
76,2021-11-22 20:00:00+00:00,TN397_130,2398.5030526315786,1503.8614139999997
77,2021-11-22 21:00:00+00:00,TN397_130,1822.20295,1142.52124965
78,2021-11-22 22:00:00+00:00,TN397_130,1574.10005,986.9607313500001
79,2021-11-22 23:00:00+00:00,TN397_130,1552.9969500000002,973.7290876500001
80,2021-11-23 00:00:00+00:00,TN397_130,561.77995,352.23602865
81,2021-11-23 01:00:00+00:00,TN397_130,352.581,221.068287
82,2021-11-23 02:00:00+00:00,TN397_130,4.9408,3.0978816
83,2021-11-23 03:00:00+00:00,TN397_130,0.0180999999999999,0.011348699999999937
84,2021-11-23 04:00:00+00:00,TN397_130,0.02225,0.01395075
85,2021-11-23 05:00:00+00:00,TN397_130,0.0179,0.0112233
86,2021-11-23 06:00:00+00:00,TN397_130,0.0198,0.012414600000000001
87,2021-11-23 07:00:00+00:00,TN397_130,0.0173,0.0108471
88,2021-11-23 08:00:00+00:00,TN397_130,0.0170999999999999,0.010721699999999936
89,2021-11-23 09:00:00+00:00,TN397_130,0.01805,0.01131735
90,2021-11-23 10:00:00+00:00,TN397_130,0.0202499999999999,0.012696749999999937
91,2021-11-23 11:00:00+00:00,TN397_130,0.02335,0.01464045
92,2021-11-23 12:00:00+00:00,TN397_130,0.0228,0.0142956
93,2021-11-23 13:00:00+00:00,TN397_130,0.02325,0.01457775
94,2021-11-23 14:00:00+00:00,TN397_130,0.03785,0.02373195
95,2021-11-23 15:00:00+00:00,TN397_130,33.75625,21.16516875
96,2021-11-23 16:00:00+00:00,TN397_130,195.0125,122.2728375
97,2021-11-23 17:00:00+00:00,TN397_130,349.5938,219.1953126
98,2021-11-23 18:00:00+00:00,TN397_130,658.03845,412.59010815
99,2021-11-23 19:00:00+00:00,TN397_130,1320.33555,827.85038985
100,2021-11-23 20:00:00+00:00,TN397_130,1395.7932999999998,875.1623990999999
101,2021-11-23 21:00:00+00:00,TN397_130,1279.8745,802.4813115
102,2021-11-23 22:00:00+00:00,TN397_130,1340.14185,840.26893995
103,2021-11-23 23:00:00+00:00,TN397_130,1127.0004,706.6292507999999
104,2021-11-24 00:00:00+00:00,TN397_130,581.708,364.730916
105,2021-11-24 01:00:00+00:00,TN397_130,172.0193,107.85610109999999
106,2021-11-24 02:00:00+00:00,TN397_130,15.3695,9.6366765
107,2021-11-24 03:00:00+00:00,TN397_130,0.0163,0.0102201
108,2021-11-24 04:00:00+00:00,TN397_130,0.0170999999999999,0.010721699999999936
109,2021-11-24 05:00:00+00:00,TN397_130,0.01575,0.00987525
110,2021-11-24 06:00:00+00:00,TN397_130,0.0194,0.0121638
111,2021-11-24 07:00:00+00:00,TN397_130,0.0161,0.0100947
112,2021-11-24 08:00:00+00:00,TN397_130,0.0134,0.008401800000000001
113,2021-11-24 09:00:00+00:00,TN397_130,0.0108,0.0067716
114,2021-11-24 10:00:00+00:00,TN397_130,0.01735,0.010878450000000001
115,2021-11-24 11:00:00+00:00,TN397_130,0.02005,0.012571349999999998
116,2021-11-24 12:00:00+00:00,TN397_130,0.0218,0.0136686
117,2021-11-24 13:00:00+00:00,TN397_130,0.03,0.01881
118,2021-11-24 14:00:00+00:00,TN397_130,0.1547142857142857,0.09700585714285713
119,2021-11-24 17:00:00+00:00,TN397_130,704.2886666666667,441.588994
120,2021-11-24 18:00:00+00:00,TN397_130,1482.95415,929.81225205
121,2021-11-24 19:00:00+00:00,TN397_130,1007.04465,631.41699555
122,2021-11-24 20:00:00+00:00,TN397_130,1700.3356,1066.1104212
123,2021-11-24 21:00:00+00:00,TN397_130,1530.52955,959.64202785
124,2021-11-24 22:00:00+00:00,TN397_130,1311.6301,822.3920727000001
125,2021-11-24 23:00:00+00:00,TN397_130,1471.8588,922.8554676
126,2021-11-25 00:00:00+00:00,TN397_130,627.06845,393.17191815
127,2021-11-25 01:00:00+00:00,TN397_130,199.75105,125.24390835
128,2021-11-25 02:00:00+00:00,TN397_130,53.43745,33.50528115
129,2021-11-25 03:00:00+00:00,TN397_130,0.01815,0.01138005
130,2021-11-25 04:00:00+00:00,TN397_130,0.02235,0.014013449999999998
131,2021-11-25 05:00:00+00:00,TN397_130,0.0193,0.0121011
132,2021-11-25 06:00:00+00:00,TN397_130,0.02015,0.01263405
133,2021-11-25 07:00:00+00:00,TN397_130,0.02375,0.01489125
134,2021-11-25 08:00:00+00:00,TN397_130,0.0246,0.0154242
135,2021-11-25 09:00:00+00:00,TN397_130,0.02515,0.01576905
136,2021-11-25 10:00:00+00:00,TN397_130,0.0235499999999999,0.014765849999999938
137,2021-11-25 11:00:00+00:00,TN397_130,0.0222,0.0139194
138,2021-11-25 12:00:00+00:00,TN397_130,0.0789499999999999,0.04950164999999993
139,2021-11-25 13:00:00+00:00,TN397_130,0.04205,0.02636535
140,2021-11-25 14:00:00+00:00,TN397_130,0.21775,0.13652925
141,2021-11-25 15:00:00+00:00,TN397_130,17.0589,10.6959303
142,2021-11-25 16:00:00+00:00,TN397_130,222.3982,139.4436714
143,2021-11-25 17:00:00+00:00,TN397_130,636.7581,399.2473287
144,2021-11-25 18:00:00+00:00,TN397_130,728.5600000000001,456.80712000000005
145,2021-11-25 19:00:00+00:00,TN397_130,2157.5365,1352.7753855
146,2021-11-25 20:00:00+00:00,TN397_130,1147.1912,719.2888824
147,2021-11-25 21:00:00+00:00,TN397_130,1237.93135,776.18295645
148,2021-11-25 22:00:00+00:00,TN397_130,1378.79585,864.50499795
149,2021-11-25 23:00:00+00:00,TN397_130,1182.3647500000002,741.3426982500001
150,2021-11-26 00:00:00+00:00,TN397_130,669.5223,419.79048209999996
151,2021-11-26 01:00:00+00:00,TN397_130,290.17085000000003,181.93712295000003
152,2021-11-26 02:00:00+00:00,TN397_130,29.70965,18.62795055
153,2021-11-26 03:00:00+00:00,TN397_130,0.0361,0.0226347
154,2021-11-26 04:00:00+00:00,TN397_130,0.0224,0.0140448
155,2021-11-26 05:00:00+00:00,TN397_130,0.0192,0.0120384
156,2021-11-26 06:00:00+00:00,TN397_130,0.0219,0.0137313
157,2021-11-26 07:00:00+00:00,TN397_130,0.0231499999999999,0.014515049999999937
158,2021-11-26 08:00:00+00:00,TN397_130,0.01815,0.01138005
159,2021-11-26 09:00:00+00:00,TN397_130,0.0222,0.0139194
160,2021-11-26 10:00:00+00:00,TN397_130,0.02475,0.01551825
161,2021-11-26 11:00:00+00:00,TN397_130,0.0207499999999999,0.013010249999999937
162,2021-11-26 12:00:00+00:00,TN397_130,0.0224,0.0140448
163,2021-11-26 13:00:00+00:00,TN397_130,0.0213,0.0133551
164,2021-11-26 14:00:00+00:00,TN397_130,0.0243999999999999,0.015298799999999937
165,2021-11-26 15:00:00+00:00,TN397_130,94.66665,59.355989550000004
166,2021-11-26 16:00:00+00:00,TN397_130,1158.7887,726.5605149
167,2021-11-26 17:00:00+00:00,TN397_130,1681.913,1054.559451
168,2021-11-26 18:00:00+00:00,TN397_130,1578.4283,989.6745441
169,2021-11-26 19:00:00+00:00,TN397_130,1065.3177,667.9541979
170,2021-11-26 20:00:00+00:00,TN397_130,1193.94085,748.60091295
171,2021-11-26 21:00:00+00:00,TN397_130,1115.60255,699.48279885
172,2021-11-26 22:00:00+00:00,TN397_130,1872.90455,1174.31115285
173,2021-11-26 23:00:00+00:00,TN397_130,1927.3225,1208.4312075
174,2021-11-27 00:00:00+00:00,TN397_130,1363.3870499999998,854.8436803499999
175,2021-11-27 01:00:00+00:00,TN397_130,433.4759,271.78938930000004
176,2021-11-27 02:00:00+00:00,TN397_130,86.58624999999999,54.28957875
177,2021-11-27 03:00:00+00:00,TN397_130,0.0706,0.0442662
178,2021-11-27 04:00:00+00:00,TN397_130,0.0186666666666666,0.011703999999999957
179,2021-11-27 05:00:00+00:00,TN397_130,0.0191,0.011975699999999999
180,2021-11-27 06:00:00+00:00,TN397_130,0.01875,0.01175625
181,2021-11-27 07:00:00+00:00,TN397_130,0.01865,0.01169355
182,2021-11-27 08:00:00+00:00,TN397_130,0.0185,0.011599499999999999
183,2021-11-27 09:00:00+00:00,TN397_130,0.02275,0.01426425
184,2021-11-27 10:00:00+00:00,TN397_130,0.0237999999999999,0.014922599999999939
185,2021-11-27 11:00:00+00:00,TN397_130,0.02175,0.013637249999999998
186,2021-11-27 12:00:00+00:00,TN397_130,0.02585,0.016207950000000002
187,2021-11-27 13:00:00+00:00,TN397_130,0.0279,0.0174933
188,2021-11-27 14:00:00+00:00,TN397_130,0.0306999999999999,0.019248899999999937
189,2021-11-27 15:00:00+00:00,TN397_130,51.7042,32.4185334
190,2021-11-27 16:00:00+00:00,TN397_130,797.58345,500.08482315
191,2021-11-27 17:00:00+00:00,TN397_130,1879.16205,1178.23460535
192,2021-11-27 18:00:00+00:00,TN397_130,2215.0656,1388.8461312
193,2021-11-27 19:00:00+00:00,TN397_130,2300.30015,1442.2881940500001
194,2021-11-27 20:00:00+00:00,TN397_130,2323.3816,1456.7602632
195,2021-11-27 21:00:00+00:00,TN397_130,2279.40635,1429.18778145
196,2021-11-27 22:00:00+00:00,TN397_130,2390.30185,1498.71925995
197,2021-11-27 23:00:00+00:00,TN397_130,2265.3609,1420.3812843
198,2021-11-28 00:00:00+00:00,TN397_130,2069.51005,1297.58280135
199,2021-11-28 01:00:00+00:00,TN397_130,1646.5277999999998,1032.3729306
200,2021-11-28 02:00:00+00:00,TN397_130,397.217,249.055059
201,2021-11-28 03:00:00+00:00,TN397_130,0.5659500000000001,0.35485065000000005
202,2021-11-28 04:00:00+00:00,TN397_130,0.0194210526315789,0.01217699999999997
203,2021-11-28 05:00:00+00:00,TN397_130,0.0194,0.0121638
204,2021-11-28 06:00:00+00:00,TN397_130,0.0195,0.0122265
205,2021-11-28 07:00:00+00:00,TN397_130,0.0223,0.0139821
206,2021-11-28 08:00:00+00:00,TN397_130,0.0228,0.0142956
207,2021-11-28 09:00:00+00:00,TN397_130,0.01975,0.01238325
208,2021-11-28 10:00:00+00:00,TN397_130,0.02165,0.01357455
209,2021-11-28 11:00:00+00:00,TN397_130,0.02215,0.013888049999999999
210,2021-11-28 12:00:00+00:00,TN397_130,0.0214,0.013417799999999999
211,2021-11-28 13:00:00+00:00,TN397_130,0.0193,0.0121011
212,2021-11-28 14:00:00+00:00,TN397_130,0.0606,0.0379962
213,2021-11-28 15:00:00+00:00,TN397_130,41.01195,25.71449265
214,2021-11-28 16:00:00+00:00,TN397_130,233.5787,146.4538449
215,2021-11-28 17:00:00+00:00,TN397_130,650.04645,407.57912415000004
216,2021-11-28 18:00:00+00:00,TN397_130,1058.34625,663.5830987500001
217,2021-11-28 19:00:00+00:00,TN397_130,1340.34575,840.39678525
218,2021-11-28 20:00:00+00:00,TN397_130,1395.0255499999998,874.6810198499999
219,2021-11-28 21:00:00+00:00,TN397_130,1637.30215,1026.58844805
220,2021-11-28 22:00:00+00:00,TN397_130,1609.73615,1009.30456605
221,2021-11-28 23:00:00+00:00,TN397_130,763.41965,478.66412055
222,2021-11-29 00:00:00+00:00,TN397_130,579.68415,363.46196205
223,2021-11-29 01:00:00+00:00,TN397_130,371.034,232.638318
224,2021-11-29 02:00:00+00:00,TN397_130,88.41005,55.43310135
225,2021-11-29 03:00:00+00:00,TN397_130,0.2485,0.1558095
226,2021-11-29 04:00:00+00:00,TN397_130,0.02155,0.01351185
227,2021-11-29 05:00:00+00:00,TN397_130,0.01945,0.012195149999999998
228,2021-11-29 06:00:00+00:00,TN397_130,0.0212,0.0132924
229,2021-11-29 07:00:00+00:00,TN397_130,0.02045,0.01282215
230,2021-11-29 08:00:00+00:00,TN397_130,0.02405,0.015079349999999998
231,2021-11-29 09:00:00+00:00,TN397_130,0.0206499999999999,0.012947549999999938
232,2021-11-29 10:00:00+00:00,TN397_130,0.0222,0.0139194
233,2021-11-29 11:00:00+00:00,TN397_130,0.02315,0.01451505
234,2021-11-29 12:00:00+00:00,TN397_130,0.02045,0.01282215
235,2021-11-29 13:00:00+00:00,TN397_130,0.01735,0.010878450000000001
236,2021-11-29 14:00:00+00:00,TN397_130,0.02805,0.017587349999999998
237,2021-11-29 15:00:00+00:00,TN397_130,78.28415,49.084162049999996
238,2021-11-29 16:00:00+00:00,TN397_130,471.9535,295.9148445
239,2021-11-29 17:00:00+00:00,TN397_130,932.5605,584.7154335
240,2021-11-29 18:00:00+00:00,TN397_130,1305.7938,818.7327125999999
241,2021-11-29 19:00:00+00:00,TN397_130,1801.2075,1129.3571024999999
242,2021-11-29 20:00:00+00:00,TN397_130,1838.0272,1152.4430544
243,2021-11-29 21:00:00+00:00,TN397_130,2769.6492,1736.5700484
244,2021-11-29 22:00:00+00:00,TN397_130,2078.5276,1303.2368052
245,2021-11-29 23:00:00+00:00,TN397_130,1947.49765,1221.08102655
246,2021-11-30 00:00:00+00:00,TN397_130,2167.07315,1358.75486505
247,2021-11-30 01:00:00+00:00,TN397_130,1611.8067,1010.6028009
248,2021-11-30 02:00:00+00:00,TN397_130,311.66365,195.41310855
249,2021-11-30 03:00:00+00:00,TN397_130,0.966,0.6056819999999999
250,2021-11-30 04:00:00+00:00,TN397_130,0.01805,0.01131735
251,2021-11-30 05:00:00+00:00,TN397_130,0.01665,0.01043955
252,2021-11-30 06:00:00+00:00,TN397_130,0.0188,0.0117876
253,2021-11-30 07:00:00+00:00,TN397_130,0.0221,0.013856700000000001
254,2021-11-30 08:00:00+00:00,TN397_130,0.02045,0.01282215
255,2021-11-30 09:00:00+00:00,TN397_130,0.0211,0.0132297
256,2021-11-30 10:00:00+00:00,TN397_130,0.02345,0.01470315
257,2021-11-30 11:00:00+00:00,TN397_130,0.02235,0.014013449999999998
258,2021-11-30 12:00:00+00:00,TN397_130,0.01755,0.011003849999999999
259,2021-11-30 13:00:00+00:00,TN397_130,0.01805,0.01131735
260,2021-11-30 14:00:00+00:00,TN397_130,0.0379,0.0237633
261,2021-11-30 15:00:00+00:00,TN397_130,52.7293,33.0612711
262,2021-11-30 16:00:00+00:00,TN397_130,470.38595,294.93199065
263,2021-11-30 17:00:00+00:00,TN397_130,1285.91365,806.26785855
264,2021-11-30 18:00:00+00:00,TN397_130,1309.2236,820.8831972
265,2021-11-30 19:00:00+00:00,TN397_130,2395.8299500000003,1502.18537865
266,2021-11-30 20:00:00+00:00,TN397_130,1904.0222,1193.8219194
267,2021-11-30 21:00:00+00:00,TN397_130,2104.28625,1319.3874787500001
268,2021-11-30 22:00:00+00:00,TN397_130,2276.1311904761906,1427.1342564285715
269,2021-11-30 23:00:00+00:00,TN397_130,2135.50805,1338.96354735
270,2021-12-01 00:00:00+00:00,TN397_130,1726.5142,1082.5244034
271,2021-12-01 01:00:00+00:00,TN397_130,1075.1717,674.1326559
272,2021-12-01 02:00:00+00:00,TN397_130,386.6242,242.41337339999998
273,2021-12-01 03:00:00+00:00,TN397_130,3.3218000000000005,2.0827686000000005
274,2021-12-01 04:00:00+00:00,TN397_130,0.02035,0.01275945
275,2021-12-01 05:00:00+00:00,TN397_130,0.0180999999999999,0.011348699999999937
276,2021-12-01 06:00:00+00:00,TN397_130,0.02095,0.01313565
277,2021-12-01 07:00:00+00:00,TN397_130,0.0187,0.011724900000000002
278,2021-12-01 08:00:00+00:00,TN397_130,0.0212499999999999,0.013323749999999938
279,2021-12-01 09:00:00+00:00,TN397_130,0.02175,0.013637249999999998
280,2021-12-01 10:00:00+00:00,TN397_130,0.02295,0.01438965
281,2021-12-01 11:00:00+00:00,TN397_130,0.01905,0.011944350000000001
282,2021-12-01 12:00:00+00:00,TN397_130,0.01965,0.012320550000000001
283,2021-12-01 13:00:00+00:00,TN397_130,0.02055,0.01288485
284,2021-12-01 14:00:00+00:00,TN397_130,0.3493,0.21901110000000001
285,2021-12-01 15:00:00+00:00,TN397_130,134.9262,84.5987274
286,2021-12-01 16:00:00+00:00,TN397_130,883.8931500000001,554.20100505
287,2021-12-01 17:00:00+00:00,TN397_130,1649.6106,1034.3058462
288,2021-12-01 18:00:00+00:00,TN397_130,1764.2805500000002,1106.20390485
289,2021-12-01 19:00:00+00:00,TN397_130,2191.3574,1373.9810897999998
290,2021-12-01 20:00:00+00:00,TN397_130,2296.60185,1439.9693599500001
291,2021-12-01 21:00:00+00:00,TN397_130,2144.92005,1344.8648713500002
292,2021-12-01 22:00:00+00:00,TN397_130,2339.4471000000003,1466.8333317000001
293,2021-12-01 23:00:00+00:00,TN397_130,2162.89885,1356.13757895
294,2021-12-02 00:00:00+00:00,TN397_130,1668.53555,1046.17178985
295,2021-12-02 01:00:00+00:00,TN397_130,686.87405,430.67002935
296,2021-12-02 02:00:00+00:00,TN397_130,349.53560000000004,219.15882120000003
297,2021-12-02 03:00:00+00:00,TN397_130,5.572,3.493644
298,2021-12-02 04:00:00+00:00,TN397_130,0.01345,0.00843315
299,2021-12-02 05:00:00+00:00,TN397_130,0.01595,0.01000065
300,2021-12-02 07:00:00+00:00,TN397_130,0.0181428571428571,0.011375571428571402
301,2021-12-02 08:00:00+00:00,TN397_130,0.0163,0.0102201
302,2021-12-02 09:00:00+00:00,TN397_130,0.01955,0.01225785
303,2021-12-02 10:00:00+00:00,TN397_130,0.0227,0.014232900000000001
304,2021-12-02 11:00:00+00:00,TN397_130,0.025,0.015675
305,2021-12-02 12:00:00+00:00,TN397_130,0.01755,0.011003849999999999
306,2021-12-02 13:00:00+00:00,TN397_130,0.02265,0.01420155
307,2021-12-02 14:00:00+00:00,TN397_130,1.4154,0.8874558
308,2021-12-02 15:00:00+00:00,TN397_130,96.302,60.381354
309,2021-12-02 16:00:00+00:00,TN397_130,632.79355,396.76155585
310,2021-12-02 17:00:00+00:00,TN397_130,1327.515,832.3519050000001
311,2021-12-02 18:00:00+00:00,TN397_130,2036.5448,1276.9135896
312,2021-12-02 19:00:00+00:00,TN397_130,2342.08915,1468.4898970499999
313,2021-12-02 20:00:00+00:00,TN397_130,2329.4937,1460.5925499
314,2021-12-02 21:00:00+00:00,TN397_130,2376.8629,1490.2930383
315,2021-12-02 22:00:00+00:00,TN397_130,2359.9612,1479.6956724000001
316,2021-12-02 23:00:00+00:00,TN397_130,2334.6169,1463.8047963
317,2021-12-03 00:00:00+00:00,TN397_130,2155.4861,1351.4897847
318,2021-12-03 01:00:00+00:00,TN397_130,1442.8744000000002,904.6822488000001
319,2021-12-03 02:00:00+00:00,TN397_130,694.8569,435.6752763
320,2021-12-03 03:00:00+00:00,TN397_130,12.62365,7.91502855
321,2021-12-03 04:00:00+00:00,TN397_130,0.0148181818181818,0.009290999999999989
322,2021-12-03 05:00:00+00:00,TN397_130,0.0186666666666666,0.011703999999999957
323,2021-12-03 06:00:00+00:00,TN397_130,0.02015,0.01263405
324,2021-12-03 07:00:00+00:00,TN397_130,0.0173,0.0108471
325,2021-12-03 08:00:00+00:00,TN397_130,0.0172499999999999,0.010815749999999938
326,2021-12-03 09:00:00+00:00,TN397_130,0.01845,0.011568150000000001
327,2021-12-03 10:00:00+00:00,TN397_130,0.0198,0.012414600000000001
328,2021-12-03 11:00:00+00:00,TN397_130,0.0185,0.011599499999999999
329,2021-12-03 12:00:00+00:00,TN397_130,0.0206499999999999,0.012947549999999938
330,2021-12-03 13:00:00+00:00,TN397_130,0.01965,0.012320550000000001
331,2021-12-03 14:00:00+00:00,TN397_130,0.8582000000000001,0.5380914
332,2021-12-03 15:00:00+00:00,TN397_130,389.8986,244.46642219999998
333,2021-12-03 16:00:00+00:00,TN397_130,1417.67825,888.88426275
334,2021-12-03 17:00:00+00:00,TN397_130,1373.0594,860.9082438
335,2021-12-03 18:00:00+00:00,TN397_130,2009.2105,1259.7749835
336,2021-12-03 19:00:00+00:00,TN397_130,2355.3237,1476.7879599
337,2021-12-03 20:00:00+00:00,TN397_130,2528.9716,1585.6651932
338,2021-12-03 21:00:00+00:00,TN397_130,2424.470684210526,1520.1431189999998
339,2021-12-03 22:00:00+00:00,TN397_130,2389.83845,1498.4287081500001
340,2021-12-03 23:00:00+00:00,TN397_130,2363.9813000000004,1482.2162751000003
341,2021-12-04 00:00:00+00:00,TN397_130,2174.0216363636364,1363.111566
342,2021-12-04 01:00:00+00:00,TN397_130,768.8089,482.0431803
343,2021-12-04 02:00:00+00:00,TN397_130,177.17075,111.08606025
344,2021-12-04 03:00:00+00:00,TN397_130,7.36635,4.61870145
345,2021-12-04 04:00:00+00:00,TN397_130,0.0209999999999999,0.013166999999999937
346,2021-12-04 05:00:00+00:00,TN397_130,0.0216,0.0135432
347,2021-12-04 06:00:00+00:00,TN397_130,0.02315,0.01451505
348,2021-12-04 07:00:00+00:00,TN397_130,0.0208,0.013041599999999999
349,2021-12-04 08:00:00+00:00,TN397_130,0.01865,0.01169355
350,2021-12-04 09:00:00+00:00,TN397_130,0.02135,0.013386450000000001
351,2021-12-04 10:00:00+00:00,TN397_130,0.02225,0.01395075
352,2021-12-04 11:00:00+00:00,TN397_130,0.02535,0.01589445
353,2021-12-04 12:00:00+00:00,TN397_130,0.0277,0.0173679
354,2021-12-04 13:00:00+00:00,TN397_130,0.0273684210526315,0.01715999999999995
355,2021-12-04 14:00:00+00:00,TN397_130,0.8844,0.5545188
356,2021-12-04 15:00:00+00:00,TN397_130,299.69155,187.90660185000002
357,2021-12-04 16:00:00+00:00,TN397_130,1325.29455,830.95968285
358,2021-12-04 17:00:00+00:00,TN397_130,1786.4154,1120.0824558000002
359,2021-12-04 18:00:00+00:00,TN397_130,2287.40985,1434.20597595
360,2021-12-04 19:00:00+00:00,TN397_130,2370.9098000000004,1486.5604446000002
361,2021-12-04 20:00:00+00:00,TN397_130,2263.34355,1419.11640585
362,2021-12-04 21:00:00+00:00,TN397_130,2179.89795,1366.79601465
363,2021-12-04 22:00:00+00:00,TN397_130,2426.11205,1521.1722553500001
364,2021-12-04 23:00:00+00:00,TN397_130,2204.61475,1382.2934482500002
365,2021-12-05 00:00:00+00:00,TN397_130,1738.27565,1089.89883255
366,2021-12-05 01:00:00+00:00,TN397_130,1604.31545,1005.90578715
367,2021-12-05 02:00:00+00:00,TN397_130,744.0715,466.5328305
368,2021-12-05 03:00:00+00:00,TN397_130,13.36495,8.37982365
369,2021-12-05 04:00:00+00:00,TN397_130,0.02195,0.013762650000000001
370,2021-12-05 05:00:00+00:00,TN397_130,0.0241,0.0151107
371,2021-12-05 06:00:00+00:00,TN397_130,0.0241,0.0151107
372,2021-12-05 07:00:00+00:00,TN397_130,0.0231,0.014483699999999999
373,2021-12-05 08:00:00+00:00,TN397_130,0.0257,0.0161139
374,2021-12-05 09:00:00+00:00,TN397_130,0.0237999999999999,0.014922599999999939
375,2021-12-05 10:00:00+00:00,TN397_130,0.0208,0.013041599999999999
376,2021-12-05 11:00:00+00:00,TN397_130,0.0194,0.0121638
377,2021-12-05 12:00:00+00:00,TN397_130,0.0259,0.016239299999999998
378,2021-12-05 13:00:00+00:00,TN397_130,0.0218,0.0136686
379,2021-12-05 14:00:00+00:00,TN397_130,1.1925,0.7476974999999999
380,2021-12-05 15:00:00+00:00,TN397_130,75.18665,47.142029550000004
381,2021-12-05 16:00:00+00:00,TN397_130,598.7157500000001,375.39477525000007
382,2021-12-05 17:00:00+00:00,TN397_130,1176.89565,737.9135725499999
383,2021-12-05 18:00:00+00:00,TN397_130,1846.27,1157.61129
384,2021-12-05 19:00:00+00:00,TN397_130,2333.2507,1462.9481889
385,2021-12-05 20:00:00+00:00,TN397_130,2391.3534,1499.3785818
386,2021-12-05 21:00:00+00:00,TN397_130,2388.87995,1497.82772865
387,2021-12-05 22:00:00+00:00,TN397_130,2192.9315,1374.9680505000001
388,2021-12-05 23:00:00+00:00,TN397_130,2359.4392500000004,1479.3684097500002
389,2021-12-06 00:00:00+00:00,TN397_130,2222.14135,1393.28262645
390,2021-12-06 01:00:00+00:00,TN397_130,1944.57055,1219.24573485
391,2021-12-06 02:00:00+00:00,TN397_130,1094.11935,686.01283245
392,2021-12-06 03:00:00+00:00,TN397_130,40.94865,25.67480355
393,2021-12-06 04:00:00+00:00,TN397_130,0.0246,0.0154242
394,2021-12-06 05:00:00+00:00,TN397_130,0.018,0.011286
395,2021-12-06 06:00:00+00:00,TN397_130,0.0143499999999999,0.008997449999999936
396,2021-12-06 07:00:00+00:00,TN397_130,0.016,0.010032000000000001
397,2021-12-06 08:00:00+00:00,TN397_130,0.0202,0.0126654
398,2021-12-06 09:00:00+00:00,TN397_130,0.02085,0.01307295
399,2021-12-06 10:00:00+00:00,TN397_130,0.0185,0.011599499999999999
400,2021-12-06 11:00:00+00:00,TN397_130,0.01875,0.01175625
401,2021-12-06 12:00:00+00:00,TN397_130,0.0182,0.0114114
402,2021-12-06 13:00:00+00:00,TN397_130,0.0174,0.010909799999999999
403,2021-12-06 14:00:00+00:00,TN397_130,1.0654,0.6680058
404,2021-12-06 15:00:00+00:00,TN397_130,408.9475714285714,256.4101272857143
405,2021-12-06 16:00:00+00:00,TN397_130,2051.207,1286.106789
406,2021-12-06 17:00:00+00:00,TN397_130,1992.6035,1249.3623945
407,2021-12-06 18:00:00+00:00,TN397_130,1534.1388499999998,961.9050589499999
408,2021-12-06 19:00:00+00:00,TN397_130,2231.9970000000003,1399.4621190000003
409,2021-12-06 20:00:00+00:00,TN397_130,2159.83665,1354.2175795500002
410,2021-12-06 21:00:00+00:00,TN397_130,1963.3412,1231.0149324000001
411,2021-12-06 22:00:00+00:00,TN397_130,2237.0902,1402.6555554000001
412,2021-12-06 23:00:00+00:00,TN397_130,1754.54535,1100.09993445
413,2021-12-07 00:00:00+00:00,TN397_130,1187.51475,744.57174825
414,2021-12-07 01:00:00+00:00,TN397_130,660.1715,413.92753050000005
415,2021-12-07 02:00:00+00:00,TN397_130,239.9938,150.4761126
416,2021-12-07 03:00:00+00:00,TN397_130,23.48325,14.72399775
417,2021-12-07 04:00:00+00:00,TN397_130,0.0212727272727272,0.013337999999999954
418,2021-12-07 05:00:00+00:00,TN397_130,0.02295,0.01438965
419,2021-12-07 06:00:00+00:00,TN397_130,0.01935,0.01213245
420,2021-12-07 07:00:00+00:00,TN397_130,0.02095,0.01313565
421,2021-12-07 08:00:00+00:00,TN397_130,0.0196,0.0122892
422,2021-12-07 09:00:00+00:00,TN397_130,0.025,0.015675
423,2021-12-07 10:00:00+00:00,TN397_130,0.022,0.013793999999999999
424,2021-12-07 11:00:00+00:00,TN397_130,0.02245,0.01407615
425,2021-12-07 12:00:00+00:00,TN397_130,0.02395,0.01501665
426,2021-12-07 13:00:00+00:00,TN397_130,0.0248,0.0155496
427,2021-12-07 14:00:00+00:00,TN397_130,0.7516999999999999,0.47131589999999995
428,2021-12-07 15:00:00+00:00,TN397_130,147.94905,92.76405435
429,2021-12-07 16:00:00+00:00,TN397_130,1422.4458,891.8735166
430,2021-12-07 17:00:00+00:00,TN397_130,1994.30755,1250.43083385
431,2021-12-07 18:00:00+00:00,TN397_130,2255.7958,1414.3839666
432,2021-12-07 19:00:00+00:00,TN397_130,1914.5341,1200.4128807
433,2021-12-07 20:00:00+00:00,TN397_130,1825.555,1144.622985
434,2021-12-07 21:00:00+00:00,TN397_130,2428.85655,1522.89305685
435,2021-12-07 22:00:00+00:00,TN397_130,2344.1923500000003,1469.8086034500002
436,2021-12-07 23:00:00+00:00,TN397_130,2393.8744,1500.9592488
437,2021-12-08 00:00:00+00:00,TN397_130,1113.74945,698.32090515
438,2021-12-08 01:00:00+00:00,TN397_130,1335.115,837.117105
439,2021-12-08 02:00:00+00:00,TN397_130,290.15465,181.92696555
440,2021-12-08 03:00:00+00:00,TN397_130,15.798000000000002,9.905346000000002
441,2021-12-08 04:00:00+00:00,TN397_130,0.0235,0.0147345
442,2021-12-08 05:00:00+00:00,TN397_130,0.02305,0.014452350000000001
443,2021-12-08 06:00:00+00:00,TN397_130,0.02195,0.013762650000000001
444,2021-12-08 07:00:00+00:00,TN397_130,0.02285,0.01432695
445,2021-12-08 08:00:00+00:00,TN397_130,0.02455,0.01539285
446,2021-12-08 09:00:00+00:00,TN397_130,0.02135,0.013386450000000001
447,2021-12-08 10:00:00+00:00,TN397_130,0.02155,0.01351185
448,2021-12-08 11:00:00+00:00,TN397_130,0.0194,0.0121638
449,2021-12-08 12:00:00+00:00,TN397_130,0.01945,0.012195149999999998
450,2021-12-08 13:00:00+00:00,TN397_130,0.0206499999999999,0.012947549999999938
451,2021-12-08 14:00:00+00:00,TN397_130,0.062578947368421,0.039236999999999966
452,2021-12-08 16:00:00+00:00,TN397_130,411.439,257.972253
453,2021-12-08 17:00:00+00:00,TN397_130,605.9903,379.9559181
454,2021-12-08 18:00:00+00:00,TN397_130,1980.7083,1241.9041041
455,2021-12-08 19:00:00+00:00,TN397_130,2246.0592,1408.2791184
456,2021-12-08 20:00:00+00:00,TN397_130,2307.1033,1446.5537691000002
457,2021-12-08 21:00:00+00:00,TN397_130,2378.5325000000003,1491.3398775
458,2021-12-08 22:00:00+00:00,TN397_130,2344.80485,1470.19264095
459,2021-12-08 23:00:00+00:00,TN397_130,2304.2093,1444.7392311
460,2021-12-09 00:00:00+00:00,TN397_130,2231.94485,1399.42942095
461,2021-12-09 01:00:00+00:00,TN397_130,1986.11605,1245.29476335
462,2021-12-09 02:00:00+00:00,TN397_130,1312.7602499999998,823.1006767499999
463,2021-12-09 03:00:00+00:00,TN397_130,116.2119,72.8648613
464,2021-12-09 04:00:00+00:00,TN397_130,0.02025,0.01269675
465,2021-12-09 05:00:00+00:00,TN397_130,0.0216,0.0135432
466,2021-12-09 06:00:00+00:00,TN397_130,0.02435,0.01526745
467,2021-12-09 07:00:00+00:00,TN397_130,0.0238999999999999,0.014985299999999938
468,2021-12-09 08:00:00+00:00,TN397_130,0.0229,0.014358300000000001
469,2021-12-09 09:00:00+00:00,TN397_130,0.02645,0.016584150000000002
470,2021-12-09 10:00:00+00:00,TN397_130,0.02185,0.01369995
471,2021-12-09 11:00:00+00:00,TN397_130,0.01895,0.01188165
472,2021-12-09 12:00:00+00:00,TN397_130,0.0213,0.0133551
473,2021-12-09 13:00:00+00:00,TN397_130,0.02535,0.01589445
474,2021-12-09 14:00:00+00:00,TN397_130,0.02905,0.01821435
475,2021-12-09 15:00:00+00:00,TN397_130,32.66505,20.480986350000002
476,2021-12-09 16:00:00+00:00,TN397_130,200.1827,125.51455290000001
477,2021-12-09 17:00:00+00:00,TN397_130,753.5988,472.5064476
478,2021-12-09 18:00:00+00:00,TN397_130,2119.49615,1328.92408605
479,2021-12-09 19:00:00+00:00,TN397_130,1978.7565,1240.6803255
480,2021-12-09 20:00:00+00:00,TN397_130,2085.71945,1307.74609515
481,2021-12-09 21:00:00+00:00,TN397_130,2158.11025,1353.1351267500002
482,2021-12-09 22:00:00+00:00,TN397_130,1584.44975,993.44999325
483,2021-12-09 23:00:00+00:00,TN397_130,1698.2250500000002,1064.7871063500002
484,2021-12-10 00:00:00+00:00,TN397_130,1306.4862142857144,819.1668563571429
485,2021-12-10 02:00:00+00:00,TN397_130,91.09175,57.11452725
486,2021-12-10 03:00:00+00:00,TN397_130,18.2379,11.4351633
487,2021-12-10 04:00:00+00:00,TN397_130,0.0221,0.013856700000000001
488,2021-12-10 05:00:00+00:00,TN397_130,0.02115,0.01326105
489,2021-12-10 06:00:00+00:00,TN397_130,0.02235,0.014013449999999998
490,2021-12-10 07:00:00+00:00,TN397_130,0.02225,0.01395075
491,2021-12-10 08:00:00+00:00,TN397_130,0.02235,0.014013449999999998
492,2021-12-10 09:00:00+00:00,TN397_130,0.02345,0.01470315
493,2021-12-10 10:00:00+00:00,TN397_130,0.01815,0.01138005
494,2021-12-10 11:00:00+00:00,TN397_130,0.01965,0.012320550000000001
495,2021-12-10 12:00:00+00:00,TN397_130,0.02085,0.01307295
496,2021-12-10 13:00:00+00:00,TN397_130,0.0209999999999999,0.013166999999999937
497,2021-12-10 14:00:00+00:00,TN397_130,0.02575,0.01614525
498,2021-12-10 15:00:00+00:00,TN397_130,3.29165,2.06386455
499,2021-12-10 16:00:00+00:00,TN397_130,83.0557,52.0759239
500,2021-12-10 17:00:00+00:00,TN397_130,676.76455,424.33137285
501,2021-12-10 18:00:00+00:00,TN397_130,902.551,565.899477
502,2021-12-10 19:00:00+00:00,TN397_130,1329.91565,833.8571125499999
503,2021-12-10 20:00:00+00:00,TN397_130,1351.9496,847.6723992
504,2021-12-10 21:00:00+00:00,TN397_130,1543.7085,967.9052295
505,2021-12-10 22:00:00+00:00,TN397_130,1210.1635,758.7725145
506,2021-12-10 23:00:00+00:00,TN397_130,1439.50255,902.56809885
507,2021-12-11 00:00:00+00:00,TN397_130,1395.2706,874.8346662
508,2021-12-11 01:00:00+00:00,TN397_130,611.1139000000001,383.16841530000005
509,2021-12-11 02:00:00+00:00,TN397_130,343.4506,215.3435262
510,2021-12-11 03:00:00+00:00,TN397_130,53.0968,33.2916936
511,2021-12-11 04:00:00+00:00,TN397_130,0.0199,0.0124773
512,2021-12-11 05:00:00+00:00,TN397_130,0.0195,0.0122265
513,2021-12-11 06:00:00+00:00,TN397_130,0.0193,0.0121011
514,2021-12-11 07:00:00+00:00,TN397_130,0.0169999999999999,0.010658999999999938
515,2021-12-11 08:00:00+00:00,TN397_130,0.0144999999999999,0.009091499999999938
516,2021-12-11 09:00:00+00:00,TN397_130,0.019,0.011913
517,2021-12-11 10:00:00+00:00,TN397_130,0.02525,0.015831750000000002
518,2021-12-11 11:00:00+00:00,TN397_130,0.0249,0.015612299999999999
519,2021-12-11 12:00:00+00:00,TN397_130,0.0208,0.013041599999999999
520,2021-12-11 13:00:00+00:00,TN397_130,0.02185,0.01369995
521,2021-12-11 14:00:00+00:00,TN397_130,0.0196,0.0122892
522,2021-12-11 15:00:00+00:00,TN397_130,2.94805,1.84842735
523,2021-12-11 16:00:00+00:00,TN397_130,185.11765,116.06876654999999
524,2021-12-11 17:00:00+00:00,TN397_130,471.86975,295.86233325
525,2021-12-11 18:00:00+00:00,TN397_130,1758.3534,1102.4875818
526,2021-12-12 16:00:00+00:00,TN397_130,165.5843076923077,103.82136092307692
527,2021-12-12 17:00:00+00:00,TN397_130,642.3863,402.7762101
528,2021-12-12 18:00:00+00:00,TN397_130,1845.3416,1157.0291832
529,2021-12-12 19:00:00+00:00,TN397_130,2189.40225,1372.75521075
530,2021-12-12 20:00:00+00:00,TN397_130,2254.95645,1413.85769415
531,2021-12-12 21:00:00+00:00,TN397_130,2191.8565,1374.2940254999999
532,2021-12-12 22:00:00+00:00,TN397_130,2091.2956,1311.2423412
533,2021-12-12 23:00:00+00:00,TN397_130,2139.48535,1341.45731445
534,2021-12-13 00:00:00+00:00,TN397_130,2195.8623500000003,1376.8056934500003
535,2021-12-13 01:00:00+00:00,TN397_130,1638.273,1027.197171
536,2021-12-13 02:00:00+00:00,TN397_130,1299.4228,814.7380956000001
537,2021-12-13 03:00:00+00:00,TN397_130,167.6058,105.0888366
538,2021-12-13 04:00:00+00:00,TN397_130,0.05605,0.035143350000000004
539,2021-12-13 05:00:00+00:00,TN397_130,0.0203,0.0127281
540,2021-12-13 06:00:00+00:00,TN397_130,0.01655,0.01037685
541,2021-12-13 07:00:00+00:00,TN397_130,0.01795,0.01125465
542,2021-12-13 08:00:00+00:00,TN397_130,0.0211,0.0132297
543,2021-12-13 09:00:00+00:00,TN397_130,0.0191,0.011975699999999999
544,2021-12-13 10:00:00+00:00,TN397_130,0.02165,0.01357455
545,2021-12-13 11:00:00+00:00,TN397_130,0.0232,0.0145464
546,2021-12-13 12:00:00+00:00,TN397_130,0.02425,0.015204750000000001
547,2021-12-13 13:00:00+00:00,TN397_130,0.02615,0.01639605
548,2021-12-13 14:00:00+00:00,TN397_130,0.0273,0.0171171
549,2021-12-13 15:00:00+00:00,TN397_130,1.1957,0.7497039
550,2021-12-13 16:00:00+00:00,TN397_130,99.1008,62.13620160000001
551,2021-12-13 17:00:00+00:00,TN397_130,1087.53195,681.88253265
552,2021-12-13 18:00:00+00:00,TN397_130,1930.60225,1210.48761075
553,2021-12-13 19:00:00+00:00,TN397_130,2020.0281,1266.5576187
554,2021-12-13 20:00:00+00:00,TN397_130,2178.22065,1365.7443475500002
555,2021-12-13 21:00:00+00:00,TN397_130,2248.71205,1409.94245535
556,2021-12-13 22:00:00+00:00,TN397_130,2395.528583333333,1501.9964217499996
557,2021-12-14 16:00:00+00:00,TN397_130,25.396833333333333,15.9238145
558,2021-12-14 17:00:00+00:00,TN397_130,469.77685,294.55008495000004
559,2021-12-14 18:00:00+00:00,TN397_130,1503.63655,942.78011685
560,2021-12-14 19:00:00+00:00,TN397_130,2062.8111,1293.3825597
561,2021-12-14 20:00:00+00:00,TN397_130,2203.1424,1381.3702848
562,2021-12-14 21:00:00+00:00,TN397_130,1691.6952,1060.6928904000001
563,2021-12-14 22:00:00+00:00,TN397_130,2253.7967,1413.1305309
