,Date,cruise,PAR
13402,2021-11-19 03:00:00+00:00,TN397_130,0.0274
13404,2021-11-19 14:00:00+00:00,TN397_130,32.93214285714286
13406,2021-11-19 15:00:00+00:00,TN397_130,257.55745
13408,2021-11-19 16:00:00+00:00,TN397_130,616.76025
13410,2021-11-19 17:00:00+00:00,TN397_130,919.52065
13412,2021-11-19 18:00:00+00:00,TN397_130,1736.45065
13414,2021-11-19 19:00:00+00:00,TN397_130,2051.71865
13416,2021-11-19 20:00:00+00:00,TN397_130,1942.10815
13418,2021-11-19 21:00:00+00:00,TN397_130,1740.97765
13420,2021-11-19 22:00:00+00:00,TN397_130,1251.5824
13422,2021-11-19 23:00:00+00:00,TN397_130,930.6064
13424,2021-11-20 00:00:00+00:00,TN397_130,168.6468
13426,2021-11-20 01:00:00+00:00,TN397_130,5.90825
13428,2021-11-20 02:00:00+00:00,TN397_130,0.028100000000000003
13430,2021-11-20 03:00:00+00:00,TN397_130,0.0295
13432,2021-11-20 04:00:00+00:00,TN397_130,0.03185
13434,2021-11-20 05:00:00+00:00,TN397_130,0.0311
13436,2021-11-20 06:00:00+00:00,TN397_130,0.0317
13438,2021-11-20 07:00:00+00:00,TN397_130,0.03055
13440,2021-11-20 08:00:00+00:00,TN397_130,0.033800000000000004
13442,2021-11-20 09:00:00+00:00,TN397_130,0.034499999999999996
13444,2021-11-20 10:00:00+00:00,TN397_130,0.0274
13446,2021-11-20 11:00:00+00:00,TN397_130,0.028055555555555556
13448,2021-11-20 14:00:00+00:00,TN397_130,7.551777777777779
13450,2021-11-20 15:00:00+00:00,TN397_130,255.05149999999998
13452,2021-11-20 16:00:00+00:00,TN397_130,533.5719
13454,2021-11-20 17:00:00+00:00,TN397_130,546.0065
13456,2021-11-20 19:00:00+00:00,TN397_130,2020.3779285714286
13458,2021-11-20 20:00:00+00:00,TN397_130,1731.7310000000002
13460,2021-11-20 21:00:00+00:00,TN397_130,1572.40545
13462,2021-11-20 22:00:00+00:00,TN397_130,1243.7958
13464,2021-11-20 23:00:00+00:00,TN397_130,416.3589
13466,2021-11-21 00:00:00+00:00,TN397_130,118.5859
13468,2021-11-21 01:00:00+00:00,TN397_130,20.4506
13470,2021-11-21 02:00:00+00:00,TN397_130,0.0198
13472,2021-11-21 03:00:00+00:00,TN397_130,0.019
13474,2021-11-21 04:00:00+00:00,TN397_130,0.0183
13476,2021-11-21 05:00:00+00:00,TN397_130,0.018349999999999998
13478,2021-11-21 06:00:00+00:00,TN397_130,0.0216
13480,2021-11-21 07:00:00+00:00,TN397_130,0.01795
13482,2021-11-21 08:00:00+00:00,TN397_130,0.0198
13484,2021-11-21 09:00:00+00:00,TN397_130,0.019450000000000002
13486,2021-11-21 10:00:00+00:00,TN397_130,0.02295
13488,2021-11-21 11:00:00+00:00,TN397_130,0.019
13490,2021-11-21 12:00:00+00:00,TN397_130,0.02035
13492,2021-11-21 13:00:00+00:00,TN397_130,0.016599999999999997
13494,2021-11-21 14:00:00+00:00,TN397_130,3.3699
13496,2021-11-21 15:00:00+00:00,TN397_130,197.8535
13498,2021-11-21 16:00:00+00:00,TN397_130,915.41445
13500,2021-11-21 17:00:00+00:00,TN397_130,2067.4649
13502,2021-11-21 18:00:00+00:00,TN397_130,1955.30595
13504,2021-11-21 19:00:00+00:00,TN397_130,2205.9879499999997
13506,2021-11-21 20:00:00+00:00,TN397_130,2304.57215
13508,2021-11-21 21:00:00+00:00,TN397_130,2283.2267
13510,2021-11-21 22:00:00+00:00,TN397_130,1877.6118
13512,2021-11-21 23:00:00+00:00,TN397_130,1757.8015500000001
13514,2021-11-22 00:00:00+00:00,TN397_130,828.0049999999999
13516,2021-11-22 01:00:00+00:00,TN397_130,131.9906
13518,2021-11-22 02:00:00+00:00,TN397_130,0.0895
13520,2021-11-22 03:00:00+00:00,TN397_130,0.01711764705882353
13522,2021-11-22 04:00:00+00:00,TN397_130,0.01695
13524,2021-11-22 05:00:00+00:00,TN397_130,0.017050000000000003
13526,2021-11-22 06:00:00+00:00,TN397_130,0.01845
13528,2021-11-22 07:00:00+00:00,TN397_130,0.0185
13530,2021-11-22 08:00:00+00:00,TN397_130,0.02605263157894737
13532,2021-11-22 09:00:00+00:00,TN397_130,0.02615
13534,2021-11-22 10:00:00+00:00,TN397_130,0.0258
13536,2021-11-22 11:00:00+00:00,TN397_130,0.0279
13538,2021-11-22 12:00:00+00:00,TN397_130,0.026600000000000002
13540,2021-11-22 13:00:00+00:00,TN397_130,0.02595
13542,2021-11-22 14:00:00+00:00,TN397_130,1.52385
13544,2021-11-22 15:00:00+00:00,TN397_130,124.87505000000002
13546,2021-11-22 16:00:00+00:00,TN397_130,1250.91255
13548,2021-11-22 17:00:00+00:00,TN397_130,1951.9231
13550,2021-11-22 18:00:00+00:00,TN397_130,2123.37345
13552,2021-11-22 19:00:00+00:00,TN397_130,2159.7165
13554,2021-11-22 20:00:00+00:00,TN397_130,2398.5030526315786
13556,2021-11-22 21:00:00+00:00,TN397_130,1822.20295
13558,2021-11-22 22:00:00+00:00,TN397_130,1574.10005
13560,2021-11-22 23:00:00+00:00,TN397_130,1552.9969500000002
13562,2021-11-23 00:00:00+00:00,TN397_130,561.77995
13564,2021-11-23 01:00:00+00:00,TN397_130,352.581
13566,2021-11-23 02:00:00+00:00,TN397_130,4.9408
13568,2021-11-23 03:00:00+00:00,TN397_130,0.018099999999999998
13570,2021-11-23 04:00:00+00:00,TN397_130,0.02225
13572,2021-11-23 05:00:00+00:00,TN397_130,0.0179
13574,2021-11-23 06:00:00+00:00,TN397_130,0.0198
13576,2021-11-23 07:00:00+00:00,TN397_130,0.0173
13578,2021-11-23 08:00:00+00:00,TN397_130,0.017099999999999997
13580,2021-11-23 09:00:00+00:00,TN397_130,0.01805
13582,2021-11-23 10:00:00+00:00,TN397_130,0.020249999999999997
13584,2021-11-23 11:00:00+00:00,TN397_130,0.023350000000000003
13586,2021-11-23 12:00:00+00:00,TN397_130,0.0228
13588,2021-11-23 13:00:00+00:00,TN397_130,0.02325
13590,2021-11-23 14:00:00+00:00,TN397_130,0.03785
13592,2021-11-23 15:00:00+00:00,TN397_130,33.75625
13594,2021-11-23 16:00:00+00:00,TN397_130,195.0125
13596,2021-11-23 17:00:00+00:00,TN397_130,349.5938
13598,2021-11-23 18:00:00+00:00,TN397_130,658.03845
13600,2021-11-23 19:00:00+00:00,TN397_130,1320.33555
13602,2021-11-23 20:00:00+00:00,TN397_130,1395.7932999999998
13604,2021-11-23 21:00:00+00:00,TN397_130,1279.8745
13606,2021-11-23 22:00:00+00:00,TN397_130,1340.14185
13608,2021-11-23 23:00:00+00:00,TN397_130,1127.0004000000001
13610,2021-11-24 00:00:00+00:00,TN397_130,581.708
13612,2021-11-24 01:00:00+00:00,TN397_130,172.0193
13614,2021-11-24 02:00:00+00:00,TN397_130,15.369499999999999
13616,2021-11-24 03:00:00+00:00,TN397_130,0.016300000000000002
13618,2021-11-24 04:00:00+00:00,TN397_130,0.017099999999999997
13620,2021-11-24 05:00:00+00:00,TN397_130,0.01575
13622,2021-11-24 06:00:00+00:00,TN397_130,0.0194
13624,2021-11-24 07:00:00+00:00,TN397_130,0.0161
13626,2021-11-24 08:00:00+00:00,TN397_130,0.0134
13628,2021-11-24 09:00:00+00:00,TN397_130,0.0108
13630,2021-11-24 10:00:00+00:00,TN397_130,0.01735
13632,2021-11-24 11:00:00+00:00,TN397_130,0.020050000000000002
13634,2021-11-24 12:00:00+00:00,TN397_130,0.0218
13636,2021-11-24 13:00:00+00:00,TN397_130,0.03
13638,2021-11-24 14:00:00+00:00,TN397_130,0.15471428571428572
13642,2021-11-24 17:00:00+00:00,TN397_130,704.2886666666667
13644,2021-11-24 18:00:00+00:00,TN397_130,1482.95415
13646,2021-11-24 19:00:00+00:00,TN397_130,1007.04465
13648,2021-11-24 20:00:00+00:00,TN397_130,1700.3355999999999
13650,2021-11-24 21:00:00+00:00,TN397_130,1530.52955
13652,2021-11-24 22:00:00+00:00,TN397_130,1311.6300999999999
13654,2021-11-24 23:00:00+00:00,TN397_130,1471.8588
13656,2021-11-25 00:00:00+00:00,TN397_130,627.06845
13658,2021-11-25 01:00:00+00:00,TN397_130,199.75105000000002
13660,2021-11-25 02:00:00+00:00,TN397_130,53.43745
13662,2021-11-25 03:00:00+00:00,TN397_130,0.01815
13664,2021-11-25 04:00:00+00:00,TN397_130,0.022350000000000002
13666,2021-11-25 05:00:00+00:00,TN397_130,0.0193
13668,2021-11-25 06:00:00+00:00,TN397_130,0.02015
13670,2021-11-25 07:00:00+00:00,TN397_130,0.02375
13672,2021-11-25 08:00:00+00:00,TN397_130,0.0246
13674,2021-11-25 09:00:00+00:00,TN397_130,0.02515
13676,2021-11-25 10:00:00+00:00,TN397_130,0.023549999999999998
13678,2021-11-25 11:00:00+00:00,TN397_130,0.0222
13680,2021-11-25 12:00:00+00:00,TN397_130,0.07894999999999999
13682,2021-11-25 13:00:00+00:00,TN397_130,0.04205
13684,2021-11-25 14:00:00+00:00,TN397_130,0.21775000000000003
13686,2021-11-25 15:00:00+00:00,TN397_130,17.0589
13688,2021-11-25 16:00:00+00:00,TN397_130,222.3982
13690,2021-11-25 17:00:00+00:00,TN397_130,636.7581
13692,2021-11-25 18:00:00+00:00,TN397_130,728.5600000000001
13694,2021-11-25 19:00:00+00:00,TN397_130,2157.5364999999997
13696,2021-11-25 20:00:00+00:00,TN397_130,1147.1912
13698,2021-11-25 21:00:00+00:00,TN397_130,1237.93135
13700,2021-11-25 22:00:00+00:00,TN397_130,1378.79585
13702,2021-11-25 23:00:00+00:00,TN397_130,1182.3647500000002
13704,2021-11-26 00:00:00+00:00,TN397_130,669.5223
13706,2021-11-26 01:00:00+00:00,TN397_130,290.17085000000003
13708,2021-11-26 02:00:00+00:00,TN397_130,29.70965
13710,2021-11-26 03:00:00+00:00,TN397_130,0.0361
13712,2021-11-26 04:00:00+00:00,TN397_130,0.0224
13714,2021-11-26 05:00:00+00:00,TN397_130,0.019200000000000002
13716,2021-11-26 06:00:00+00:00,TN397_130,0.0219
13718,2021-11-26 07:00:00+00:00,TN397_130,0.023149999999999997
13720,2021-11-26 08:00:00+00:00,TN397_130,0.01815
13722,2021-11-26 09:00:00+00:00,TN397_130,0.0222
13724,2021-11-26 10:00:00+00:00,TN397_130,0.02475
13726,2021-11-26 11:00:00+00:00,TN397_130,0.020749999999999998
13728,2021-11-26 12:00:00+00:00,TN397_130,0.0224
13730,2021-11-26 13:00:00+00:00,TN397_130,0.0213
13732,2021-11-26 14:00:00+00:00,TN397_130,0.024399999999999998
13734,2021-11-26 15:00:00+00:00,TN397_130,94.66665
13736,2021-11-26 16:00:00+00:00,TN397_130,1158.7887
13738,2021-11-26 17:00:00+00:00,TN397_130,1681.913
13740,2021-11-26 18:00:00+00:00,TN397_130,1578.4283
13742,2021-11-26 19:00:00+00:00,TN397_130,1065.3177
13744,2021-11-26 20:00:00+00:00,TN397_130,1193.94085
13746,2021-11-26 21:00:00+00:00,TN397_130,1115.60255
13748,2021-11-26 22:00:00+00:00,TN397_130,1872.90455
13750,2021-11-26 23:00:00+00:00,TN397_130,1927.3224999999998
13752,2021-11-27 00:00:00+00:00,TN397_130,1363.3870499999998
13754,2021-11-27 01:00:00+00:00,TN397_130,433.4759
13756,2021-11-27 02:00:00+00:00,TN397_130,86.58624999999999
13758,2021-11-27 03:00:00+00:00,TN397_130,0.0706
13760,2021-11-27 04:00:00+00:00,TN397_130,0.018666666666666668
13762,2021-11-27 05:00:00+00:00,TN397_130,0.0191
13764,2021-11-27 06:00:00+00:00,TN397_130,0.01875
13766,2021-11-27 07:00:00+00:00,TN397_130,0.01865
13768,2021-11-27 08:00:00+00:00,TN397_130,0.0185
13770,2021-11-27 09:00:00+00:00,TN397_130,0.02275
13772,2021-11-27 10:00:00+00:00,TN397_130,0.023799999999999998
13774,2021-11-27 11:00:00+00:00,TN397_130,0.02175
13776,2021-11-27 12:00:00+00:00,TN397_130,0.02585
13778,2021-11-27 13:00:00+00:00,TN397_130,0.0279
13780,2021-11-27 14:00:00+00:00,TN397_130,0.030699999999999998
13782,2021-11-27 15:00:00+00:00,TN397_130,51.7042
13784,2021-11-27 16:00:00+00:00,TN397_130,797.58345
13786,2021-11-27 17:00:00+00:00,TN397_130,1879.1620500000001
13788,2021-11-27 18:00:00+00:00,TN397_130,2215.0656
13790,2021-11-27 19:00:00+00:00,TN397_130,2300.30015
13792,2021-11-27 20:00:00+00:00,TN397_130,2323.3815999999997
13794,2021-11-27 21:00:00+00:00,TN397_130,2279.40635
13796,2021-11-27 22:00:00+00:00,TN397_130,2390.30185
13798,2021-11-27 23:00:00+00:00,TN397_130,2265.3609
13800,2021-11-28 00:00:00+00:00,TN397_130,2069.51005
13802,2021-11-28 01:00:00+00:00,TN397_130,1646.5277999999998
13804,2021-11-28 02:00:00+00:00,TN397_130,397.217
13806,2021-11-28 03:00:00+00:00,TN397_130,0.5659500000000001
13808,2021-11-28 04:00:00+00:00,TN397_130,0.019421052631578947
13810,2021-11-28 05:00:00+00:00,TN397_130,0.0194
13812,2021-11-28 06:00:00+00:00,TN397_130,0.0195
13814,2021-11-28 07:00:00+00:00,TN397_130,0.0223
13816,2021-11-28 08:00:00+00:00,TN397_130,0.0228
13818,2021-11-28 09:00:00+00:00,TN397_130,0.01975
13820,2021-11-28 10:00:00+00:00,TN397_130,0.02165
13822,2021-11-28 11:00:00+00:00,TN397_130,0.02215
13824,2021-11-28 12:00:00+00:00,TN397_130,0.0214
13826,2021-11-28 13:00:00+00:00,TN397_130,0.0193
13828,2021-11-28 14:00:00+00:00,TN397_130,0.0606
13830,2021-11-28 15:00:00+00:00,TN397_130,41.01195
13832,2021-11-28 16:00:00+00:00,TN397_130,233.57869999999997
13834,2021-11-28 17:00:00+00:00,TN397_130,650.04645
13836,2021-11-28 18:00:00+00:00,TN397_130,1058.34625
13838,2021-11-28 19:00:00+00:00,TN397_130,1340.34575
13840,2021-11-28 20:00:00+00:00,TN397_130,1395.0255499999998
13842,2021-11-28 21:00:00+00:00,TN397_130,1637.30215
13844,2021-11-28 22:00:00+00:00,TN397_130,1609.73615
13846,2021-11-28 23:00:00+00:00,TN397_130,763.41965
13848,2021-11-29 00:00:00+00:00,TN397_130,579.68415
13850,2021-11-29 01:00:00+00:00,TN397_130,371.034
13852,2021-11-29 02:00:00+00:00,TN397_130,88.41005
13854,2021-11-29 03:00:00+00:00,TN397_130,0.2485
13856,2021-11-29 04:00:00+00:00,TN397_130,0.02155
13858,2021-11-29 05:00:00+00:00,TN397_130,0.019450000000000002
13860,2021-11-29 06:00:00+00:00,TN397_130,0.0212
13862,2021-11-29 07:00:00+00:00,TN397_130,0.02045
13864,2021-11-29 08:00:00+00:00,TN397_130,0.02405
13866,2021-11-29 09:00:00+00:00,TN397_130,0.020649999999999998
13868,2021-11-29 10:00:00+00:00,TN397_130,0.0222
13870,2021-11-29 11:00:00+00:00,TN397_130,0.02315
13872,2021-11-29 12:00:00+00:00,TN397_130,0.02045
13874,2021-11-29 13:00:00+00:00,TN397_130,0.01735
13876,2021-11-29 14:00:00+00:00,TN397_130,0.02805
13878,2021-11-29 15:00:00+00:00,TN397_130,78.28415
13880,2021-11-29 16:00:00+00:00,TN397_130,471.95349999999996
13882,2021-11-29 17:00:00+00:00,TN397_130,932.5604999999999
13884,2021-11-29 18:00:00+00:00,TN397_130,1305.7938
13886,2021-11-29 19:00:00+00:00,TN397_130,1801.2075
13888,2021-11-29 20:00:00+00:00,TN397_130,1838.0272
13890,2021-11-29 21:00:00+00:00,TN397_130,2769.6492
13892,2021-11-29 22:00:00+00:00,TN397_130,2078.5276
13894,2021-11-29 23:00:00+00:00,TN397_130,1947.49765
13896,2021-11-30 00:00:00+00:00,TN397_130,2167.0731499999997
13898,2021-11-30 01:00:00+00:00,TN397_130,1611.8067
13900,2021-11-30 02:00:00+00:00,TN397_130,311.66365
13902,2021-11-30 03:00:00+00:00,TN397_130,0.966
13904,2021-11-30 04:00:00+00:00,TN397_130,0.01805
13906,2021-11-30 05:00:00+00:00,TN397_130,0.01665
13908,2021-11-30 06:00:00+00:00,TN397_130,0.0188
13910,2021-11-30 07:00:00+00:00,TN397_130,0.0221
13912,2021-11-30 08:00:00+00:00,TN397_130,0.02045
13914,2021-11-30 09:00:00+00:00,TN397_130,0.0211
13916,2021-11-30 10:00:00+00:00,TN397_130,0.023450000000000002
13918,2021-11-30 11:00:00+00:00,TN397_130,0.022350000000000002
13920,2021-11-30 12:00:00+00:00,TN397_130,0.01755
13922,2021-11-30 13:00:00+00:00,TN397_130,0.01805
13924,2021-11-30 14:00:00+00:00,TN397_130,0.0379
13926,2021-11-30 15:00:00+00:00,TN397_130,52.7293
13928,2021-11-30 16:00:00+00:00,TN397_130,470.38595
13930,2021-11-30 17:00:00+00:00,TN397_130,1285.91365
13932,2021-11-30 18:00:00+00:00,TN397_130,1309.2236
13934,2021-11-30 19:00:00+00:00,TN397_130,2395.8299500000003
13936,2021-11-30 20:00:00+00:00,TN397_130,1904.0222
13938,2021-11-30 21:00:00+00:00,TN397_130,2104.28625
13940,2021-11-30 22:00:00+00:00,TN397_130,2276.1311904761906
13942,2021-11-30 23:00:00+00:00,TN397_130,2135.50805
13943,2021-12-01 00:00:00+00:00,TN397_130,1726.5142
13944,2021-12-01 01:00:00+00:00,TN397_130,1075.1717
13946,2021-12-01 02:00:00+00:00,TN397_130,386.62420000000003
13948,2021-12-01 03:00:00+00:00,TN397_130,3.3218000000000005
13950,2021-12-01 04:00:00+00:00,TN397_130,0.02035
13952,2021-12-01 05:00:00+00:00,TN397_130,0.018099999999999998
13954,2021-12-01 06:00:00+00:00,TN397_130,0.02095
13956,2021-12-01 07:00:00+00:00,TN397_130,0.0187
13958,2021-12-01 08:00:00+00:00,TN397_130,0.021249999999999998
13960,2021-12-01 09:00:00+00:00,TN397_130,0.02175
13962,2021-12-01 10:00:00+00:00,TN397_130,0.02295
13964,2021-12-01 11:00:00+00:00,TN397_130,0.01905
13966,2021-12-01 12:00:00+00:00,TN397_130,0.01965
13968,2021-12-01 13:00:00+00:00,TN397_130,0.020550000000000002
13970,2021-12-01 14:00:00+00:00,TN397_130,0.34930000000000005
13972,2021-12-01 15:00:00+00:00,TN397_130,134.9262
13974,2021-12-01 16:00:00+00:00,TN397_130,883.8931500000001
13976,2021-12-01 17:00:00+00:00,TN397_130,1649.6106
13978,2021-12-01 18:00:00+00:00,TN397_130,1764.2805500000002
13980,2021-12-01 19:00:00+00:00,TN397_130,2191.3574
13982,2021-12-01 20:00:00+00:00,TN397_130,2296.60185
13984,2021-12-01 21:00:00+00:00,TN397_130,2144.9200499999997
13986,2021-12-01 22:00:00+00:00,TN397_130,2339.4471000000003
13988,2021-12-01 23:00:00+00:00,TN397_130,2162.89885
13990,2021-12-02 00:00:00+00:00,TN397_130,1668.53555
13992,2021-12-02 01:00:00+00:00,TN397_130,686.87405
13994,2021-12-02 02:00:00+00:00,TN397_130,349.53560000000004
13996,2021-12-02 03:00:00+00:00,TN397_130,5.572
13998,2021-12-02 04:00:00+00:00,TN397_130,0.01345
14000,2021-12-02 05:00:00+00:00,TN397_130,0.01595
14003,2021-12-02 07:00:00+00:00,TN397_130,0.018142857142857145
14005,2021-12-02 08:00:00+00:00,TN397_130,0.016300000000000002
14007,2021-12-02 09:00:00+00:00,TN397_130,0.01955
14009,2021-12-02 10:00:00+00:00,TN397_130,0.0227
14011,2021-12-02 11:00:00+00:00,TN397_130,0.025
14013,2021-12-02 12:00:00+00:00,TN397_130,0.01755
14015,2021-12-02 13:00:00+00:00,TN397_130,0.02265
14017,2021-12-02 14:00:00+00:00,TN397_130,1.4154
14019,2021-12-02 15:00:00+00:00,TN397_130,96.30199999999999
14021,2021-12-02 16:00:00+00:00,TN397_130,632.79355
14023,2021-12-02 17:00:00+00:00,TN397_130,1327.5149999999999
14025,2021-12-02 18:00:00+00:00,TN397_130,2036.5448000000001
14027,2021-12-02 19:00:00+00:00,TN397_130,2342.0891500000002
14029,2021-12-02 20:00:00+00:00,TN397_130,2329.4937
14031,2021-12-02 21:00:00+00:00,TN397_130,2376.8629
14033,2021-12-02 22:00:00+00:00,TN397_130,2359.9612
14035,2021-12-02 23:00:00+00:00,TN397_130,2334.6169
14037,2021-12-03 00:00:00+00:00,TN397_130,2155.4861
14039,2021-12-03 01:00:00+00:00,TN397_130,1442.8744000000002
14041,2021-12-03 02:00:00+00:00,TN397_130,694.8569
14043,2021-12-03 03:00:00+00:00,TN397_130,12.62365
14045,2021-12-03 04:00:00+00:00,TN397_130,0.014818181818181819
14047,2021-12-03 05:00:00+00:00,TN397_130,0.018666666666666668
14049,2021-12-03 06:00:00+00:00,TN397_130,0.02015
14051,2021-12-03 07:00:00+00:00,TN397_130,0.0173
14053,2021-12-03 08:00:00+00:00,TN397_130,0.017249999999999998
14055,2021-12-03 09:00:00+00:00,TN397_130,0.01845
14057,2021-12-03 10:00:00+00:00,TN397_130,0.0198
14059,2021-12-03 11:00:00+00:00,TN397_130,0.0185
14061,2021-12-03 12:00:00+00:00,TN397_130,0.020649999999999998
14063,2021-12-03 13:00:00+00:00,TN397_130,0.01965
14065,2021-12-03 14:00:00+00:00,TN397_130,0.8582000000000001
14067,2021-12-03 15:00:00+00:00,TN397_130,389.8986
14069,2021-12-03 16:00:00+00:00,TN397_130,1417.67825
14071,2021-12-03 17:00:00+00:00,TN397_130,1373.0593999999999
14073,2021-12-03 18:00:00+00:00,TN397_130,2009.2105
14075,2021-12-03 19:00:00+00:00,TN397_130,2355.3237
14077,2021-12-03 20:00:00+00:00,TN397_130,2528.9716
14079,2021-12-03 21:00:00+00:00,TN397_130,2424.470684210526
14081,2021-12-03 22:00:00+00:00,TN397_130,2389.83845
14083,2021-12-03 23:00:00+00:00,TN397_130,2363.9813000000004
14085,2021-12-04 00:00:00+00:00,TN397_130,2174.0216363636364
14087,2021-12-04 01:00:00+00:00,TN397_130,768.8089
14089,2021-12-04 02:00:00+00:00,TN397_130,177.17075
14091,2021-12-04 03:00:00+00:00,TN397_130,7.36635
14093,2021-12-04 04:00:00+00:00,TN397_130,0.020999999999999998
14095,2021-12-04 05:00:00+00:00,TN397_130,0.0216
14097,2021-12-04 06:00:00+00:00,TN397_130,0.02315
14099,2021-12-04 07:00:00+00:00,TN397_130,0.0208
14101,2021-12-04 08:00:00+00:00,TN397_130,0.01865
14103,2021-12-04 09:00:00+00:00,TN397_130,0.02135
14105,2021-12-04 10:00:00+00:00,TN397_130,0.02225
14107,2021-12-04 11:00:00+00:00,TN397_130,0.02535
14109,2021-12-04 12:00:00+00:00,TN397_130,0.027700000000000002
14111,2021-12-04 13:00:00+00:00,TN397_130,0.02736842105263158
14113,2021-12-04 14:00:00+00:00,TN397_130,0.8844
14115,2021-12-04 15:00:00+00:00,TN397_130,299.69155
14117,2021-12-04 16:00:00+00:00,TN397_130,1325.29455
14119,2021-12-04 17:00:00+00:00,TN397_130,1786.4153999999999
14121,2021-12-04 18:00:00+00:00,TN397_130,2287.40985
14123,2021-12-04 19:00:00+00:00,TN397_130,2370.9098000000004
14125,2021-12-04 20:00:00+00:00,TN397_130,2263.34355
14127,2021-12-04 21:00:00+00:00,TN397_130,2179.89795
14129,2021-12-04 22:00:00+00:00,TN397_130,2426.11205
14131,2021-12-04 23:00:00+00:00,TN397_130,2204.6147499999997
14133,2021-12-05 00:00:00+00:00,TN397_130,1738.27565
14135,2021-12-05 01:00:00+00:00,TN397_130,1604.31545
14137,2021-12-05 02:00:00+00:00,TN397_130,744.0715
14139,2021-12-05 03:00:00+00:00,TN397_130,13.364949999999999
14141,2021-12-05 04:00:00+00:00,TN397_130,0.02195
14143,2021-12-05 05:00:00+00:00,TN397_130,0.0241
14145,2021-12-05 06:00:00+00:00,TN397_130,0.0241
14147,2021-12-05 07:00:00+00:00,TN397_130,0.023100000000000002
14149,2021-12-05 08:00:00+00:00,TN397_130,0.0257
14151,2021-12-05 09:00:00+00:00,TN397_130,0.023799999999999998
14153,2021-12-05 10:00:00+00:00,TN397_130,0.0208
14155,2021-12-05 11:00:00+00:00,TN397_130,0.0194
14157,2021-12-05 12:00:00+00:00,TN397_130,0.0259
14159,2021-12-05 13:00:00+00:00,TN397_130,0.0218
14161,2021-12-05 14:00:00+00:00,TN397_130,1.1925000000000001
14163,2021-12-05 15:00:00+00:00,TN397_130,75.18665
14165,2021-12-05 16:00:00+00:00,TN397_130,598.7157500000001
14167,2021-12-05 17:00:00+00:00,TN397_130,1176.89565
14168,2021-12-05 18:00:00+00:00,TN397_130,1846.27
14170,2021-12-05 19:00:00+00:00,TN397_130,2333.2507
14172,2021-12-05 20:00:00+00:00,TN397_130,2391.3534
14174,2021-12-05 21:00:00+00:00,TN397_130,2388.87995
14176,2021-12-05 22:00:00+00:00,TN397_130,2192.9314999999997
14178,2021-12-05 23:00:00+00:00,TN397_130,2359.4392500000004
14180,2021-12-06 00:00:00+00:00,TN397_130,2222.14135
14182,2021-12-06 01:00:00+00:00,TN397_130,1944.57055
14184,2021-12-06 02:00:00+00:00,TN397_130,1094.11935
14186,2021-12-06 03:00:00+00:00,TN397_130,40.94865
14188,2021-12-06 04:00:00+00:00,TN397_130,0.0246
14190,2021-12-06 05:00:00+00:00,TN397_130,0.018
14192,2021-12-06 06:00:00+00:00,TN397_130,0.014349999999999998
14194,2021-12-06 07:00:00+00:00,TN397_130,0.016
14196,2021-12-06 08:00:00+00:00,TN397_130,0.020200000000000003
14198,2021-12-06 09:00:00+00:00,TN397_130,0.02085
14200,2021-12-06 10:00:00+00:00,TN397_130,0.0185
14202,2021-12-06 11:00:00+00:00,TN397_130,0.01875
14204,2021-12-06 12:00:00+00:00,TN397_130,0.0182
14206,2021-12-06 13:00:00+00:00,TN397_130,0.0174
14208,2021-12-06 14:00:00+00:00,TN397_130,1.0654
14210,2021-12-06 15:00:00+00:00,TN397_130,408.9475714285714
14212,2021-12-06 16:00:00+00:00,TN397_130,2051.207
14214,2021-12-06 17:00:00+00:00,TN397_130,1992.6035
14216,2021-12-06 18:00:00+00:00,TN397_130,1534.1388499999998
14218,2021-12-06 19:00:00+00:00,TN397_130,2231.9970000000003
14220,2021-12-06 20:00:00+00:00,TN397_130,2159.83665
14222,2021-12-06 21:00:00+00:00,TN397_130,1963.3412
14224,2021-12-06 22:00:00+00:00,TN397_130,2237.0901999999996
14226,2021-12-06 23:00:00+00:00,TN397_130,1754.5453499999999
14228,2021-12-07 00:00:00+00:00,TN397_130,1187.51475
14230,2021-12-07 01:00:00+00:00,TN397_130,660.1715
14232,2021-12-07 02:00:00+00:00,TN397_130,239.99380000000002
14234,2021-12-07 03:00:00+00:00,TN397_130,23.48325
14236,2021-12-07 04:00:00+00:00,TN397_130,0.021272727272727273
14238,2021-12-07 05:00:00+00:00,TN397_130,0.02295
14240,2021-12-07 06:00:00+00:00,TN397_130,0.01935
14242,2021-12-07 07:00:00+00:00,TN397_130,0.02095
14244,2021-12-07 08:00:00+00:00,TN397_130,0.0196
14246,2021-12-07 09:00:00+00:00,TN397_130,0.025
14248,2021-12-07 10:00:00+00:00,TN397_130,0.022
14250,2021-12-07 11:00:00+00:00,TN397_130,0.02245
14252,2021-12-07 12:00:00+00:00,TN397_130,0.02395
14254,2021-12-07 13:00:00+00:00,TN397_130,0.0248
14256,2021-12-07 14:00:00+00:00,TN397_130,0.7516999999999999
14258,2021-12-07 15:00:00+00:00,TN397_130,147.94905
14260,2021-12-07 16:00:00+00:00,TN397_130,1422.4458
14262,2021-12-07 17:00:00+00:00,TN397_130,1994.30755
14264,2021-12-07 18:00:00+00:00,TN397_130,2255.7958
14266,2021-12-07 19:00:00+00:00,TN397_130,1914.5341
14268,2021-12-07 20:00:00+00:00,TN397_130,1825.5549999999998
14270,2021-12-07 21:00:00+00:00,TN397_130,2428.85655
14272,2021-12-07 22:00:00+00:00,TN397_130,2344.1923500000003
14274,2021-12-07 23:00:00+00:00,TN397_130,2393.8743999999997
14276,2021-12-08 00:00:00+00:00,TN397_130,1113.74945
14278,2021-12-08 01:00:00+00:00,TN397_130,1335.115
14280,2021-12-08 02:00:00+00:00,TN397_130,290.15465
14282,2021-12-08 03:00:00+00:00,TN397_130,15.798000000000002
14284,2021-12-08 04:00:00+00:00,TN397_130,0.0235
14286,2021-12-08 05:00:00+00:00,TN397_130,0.02305
14288,2021-12-08 06:00:00+00:00,TN397_130,0.02195
14290,2021-12-08 07:00:00+00:00,TN397_130,0.022850000000000002
14292,2021-12-08 08:00:00+00:00,TN397_130,0.02455
14294,2021-12-08 09:00:00+00:00,TN397_130,0.02135
14296,2021-12-08 10:00:00+00:00,TN397_130,0.02155
14298,2021-12-08 11:00:00+00:00,TN397_130,0.0194
14300,2021-12-08 12:00:00+00:00,TN397_130,0.019450000000000002
14302,2021-12-08 13:00:00+00:00,TN397_130,0.020649999999999998
14304,2021-12-08 14:00:00+00:00,TN397_130,0.06257894736842105
14307,2021-12-08 16:00:00+00:00,TN397_130,411.439
14309,2021-12-08 17:00:00+00:00,TN397_130,605.9903
14311,2021-12-08 18:00:00+00:00,TN397_130,1980.7082999999998
14313,2021-12-08 19:00:00+00:00,TN397_130,2246.0592
14315,2021-12-08 20:00:00+00:00,TN397_130,2307.1032999999998
14317,2021-12-08 21:00:00+00:00,TN397_130,2378.5325000000003
14319,2021-12-08 22:00:00+00:00,TN397_130,2344.80485
14321,2021-12-08 23:00:00+00:00,TN397_130,2304.2093
14323,2021-12-09 00:00:00+00:00,TN397_130,2231.94485
14325,2021-12-09 01:00:00+00:00,TN397_130,1986.1160499999999
14327,2021-12-09 02:00:00+00:00,TN397_130,1312.7602499999998
14329,2021-12-09 03:00:00+00:00,TN397_130,116.21189999999999
14331,2021-12-09 04:00:00+00:00,TN397_130,0.02025
14333,2021-12-09 05:00:00+00:00,TN397_130,0.0216
14335,2021-12-09 06:00:00+00:00,TN397_130,0.02435
14337,2021-12-09 07:00:00+00:00,TN397_130,0.023899999999999998
14339,2021-12-09 08:00:00+00:00,TN397_130,0.0229
14341,2021-12-09 09:00:00+00:00,TN397_130,0.02645
14343,2021-12-09 10:00:00+00:00,TN397_130,0.02185
14345,2021-12-09 11:00:00+00:00,TN397_130,0.01895
14347,2021-12-09 12:00:00+00:00,TN397_130,0.0213
14349,2021-12-09 13:00:00+00:00,TN397_130,0.02535
14351,2021-12-09 14:00:00+00:00,TN397_130,0.02905
14353,2021-12-09 15:00:00+00:00,TN397_130,32.66505
14355,2021-12-09 16:00:00+00:00,TN397_130,200.1827
14357,2021-12-09 17:00:00+00:00,TN397_130,753.5988
14359,2021-12-09 18:00:00+00:00,TN397_130,2119.49615
14361,2021-12-09 19:00:00+00:00,TN397_130,1978.7565
14363,2021-12-09 20:00:00+00:00,TN397_130,2085.7194499999996
14365,2021-12-09 21:00:00+00:00,TN397_130,2158.11025
14367,2021-12-09 22:00:00+00:00,TN397_130,1584.44975
14369,2021-12-09 23:00:00+00:00,TN397_130,1698.2250500000002
14371,2021-12-10 00:00:00+00:00,TN397_130,1306.4862142857144
14374,2021-12-10 02:00:00+00:00,TN397_130,91.09175
14376,2021-12-10 03:00:00+00:00,TN397_130,18.2379
14378,2021-12-10 04:00:00+00:00,TN397_130,0.0221
14380,2021-12-10 05:00:00+00:00,TN397_130,0.02115
14382,2021-12-10 06:00:00+00:00,TN397_130,0.022350000000000002
14384,2021-12-10 07:00:00+00:00,TN397_130,0.02225
14386,2021-12-10 08:00:00+00:00,TN397_130,0.022350000000000002
14388,2021-12-10 09:00:00+00:00,TN397_130,0.023450000000000002
14390,2021-12-10 10:00:00+00:00,TN397_130,0.01815
14392,2021-12-10 11:00:00+00:00,TN397_130,0.01965
14394,2021-12-10 12:00:00+00:00,TN397_130,0.02085
14396,2021-12-10 13:00:00+00:00,TN397_130,0.020999999999999998
14398,2021-12-10 14:00:00+00:00,TN397_130,0.025750000000000002
14400,2021-12-10 15:00:00+00:00,TN397_130,3.2916499999999997
14402,2021-12-10 16:00:00+00:00,TN397_130,83.0557
14404,2021-12-10 17:00:00+00:00,TN397_130,676.76455
14406,2021-12-10 18:00:00+00:00,TN397_130,902.551
14408,2021-12-10 19:00:00+00:00,TN397_130,1329.91565
14410,2021-12-10 20:00:00+00:00,TN397_130,1351.9496
14412,2021-12-10 21:00:00+00:00,TN397_130,1543.7085
14414,2021-12-10 22:00:00+00:00,TN397_130,1210.1635
14416,2021-12-10 23:00:00+00:00,TN397_130,1439.50255
14418,2021-12-11 00:00:00+00:00,TN397_130,1395.2706
14419,2021-12-11 01:00:00+00:00,TN397_130,611.1139000000001
14420,2021-12-11 02:00:00+00:00,TN397_130,343.4506
14421,2021-12-11 03:00:00+00:00,TN397_130,53.096799999999995
14422,2021-12-11 04:00:00+00:00,TN397_130,0.0199
14424,2021-12-11 05:00:00+00:00,TN397_130,0.0195
14426,2021-12-11 06:00:00+00:00,TN397_130,0.0193
14428,2021-12-11 07:00:00+00:00,TN397_130,0.016999999999999998
14430,2021-12-11 08:00:00+00:00,TN397_130,0.014499999999999999
14432,2021-12-11 09:00:00+00:00,TN397_130,0.019
14434,2021-12-11 10:00:00+00:00,TN397_130,0.02525
14436,2021-12-11 11:00:00+00:00,TN397_130,0.0249
14438,2021-12-11 12:00:00+00:00,TN397_130,0.0208
14440,2021-12-11 13:00:00+00:00,TN397_130,0.02185
14442,2021-12-11 14:00:00+00:00,TN397_130,0.0196
14444,2021-12-11 15:00:00+00:00,TN397_130,2.94805
14446,2021-12-11 16:00:00+00:00,TN397_130,185.11765
14448,2021-12-11 17:00:00+00:00,TN397_130,471.86975
14450,2021-12-11 18:00:00+00:00,TN397_130,1758.3534
14472,2021-12-12 16:00:00+00:00,TN397_130,165.5843076923077
14474,2021-12-12 17:00:00+00:00,TN397_130,642.3863
14476,2021-12-12 18:00:00+00:00,TN397_130,1845.3416000000002
14478,2021-12-12 19:00:00+00:00,TN397_130,2189.40225
14480,2021-12-12 20:00:00+00:00,TN397_130,2254.95645
14482,2021-12-12 21:00:00+00:00,TN397_130,2191.8565
14484,2021-12-12 22:00:00+00:00,TN397_130,2091.2956
14486,2021-12-12 23:00:00+00:00,TN397_130,2139.48535
14488,2021-12-13 00:00:00+00:00,TN397_130,2195.8623500000003
14490,2021-12-13 01:00:00+00:00,TN397_130,1638.273
14492,2021-12-13 02:00:00+00:00,TN397_130,1299.4228
14494,2021-12-13 03:00:00+00:00,TN397_130,167.6058
14496,2021-12-13 04:00:00+00:00,TN397_130,0.05605
14498,2021-12-13 05:00:00+00:00,TN397_130,0.020300000000000002
14500,2021-12-13 06:00:00+00:00,TN397_130,0.016550000000000002
14502,2021-12-13 07:00:00+00:00,TN397_130,0.01795
14504,2021-12-13 08:00:00+00:00,TN397_130,0.0211
14506,2021-12-13 09:00:00+00:00,TN397_130,0.0191
14508,2021-12-13 10:00:00+00:00,TN397_130,0.02165
14510,2021-12-13 11:00:00+00:00,TN397_130,0.023200000000000002
14512,2021-12-13 12:00:00+00:00,TN397_130,0.02425
14514,2021-12-13 13:00:00+00:00,TN397_130,0.02615
14516,2021-12-13 14:00:00+00:00,TN397_130,0.0273
14518,2021-12-13 15:00:00+00:00,TN397_130,1.1957
14520,2021-12-13 16:00:00+00:00,TN397_130,99.1008
14522,2021-12-13 17:00:00+00:00,TN397_130,1087.53195
14524,2021-12-13 18:00:00+00:00,TN397_130,1930.60225
14526,2021-12-13 19:00:00+00:00,TN397_130,2020.0281
14528,2021-12-13 20:00:00+00:00,TN397_130,2178.22065
14530,2021-12-13 21:00:00+00:00,TN397_130,2248.7120499999996
14532,2021-12-13 22:00:00+00:00,TN397_130,2395.5285833333332
14551,2021-12-14 16:00:00+00:00,TN397_130,25.396833333333333
14553,2021-12-14 17:00:00+00:00,TN397_130,469.77685
14555,2021-12-14 18:00:00+00:00,TN397_130,1503.63655
14557,2021-12-14 19:00:00+00:00,TN397_130,2062.8111
14559,2021-12-14 20:00:00+00:00,TN397_130,2203.1423999999997
14561,2021-12-14 21:00:00+00:00,TN397_130,1691.6952
14563,2021-12-14 22:00:00+00:00,TN397_130,2253.7967
